<ivysettings>
    <settings defaultResolver="local"/>
    <resolvers>
        <chain name="local">         
            <filesystem name="local_cache">
                <ivy pattern="${user.home}/.ivy2/cache/[organisation]/[module]/ivys/ivy-[revision].xml"/>
                <artifact pattern="${ivy.lib.dir}/[artifact](-[revision]).[ext]" />
            </filesystem>   
            <url name="googlecode">
                <artifact pattern="http://red5.googlecode.com/svn/repository/[artifact](-[revision]).[ext]" />
                <artifact pattern="http://red5.googlecode.com/svn/repository/[organisation]/[artifact](-[revision]).[ext]" />
            </url>
            <url m2compatible="true" name="xugglecode">
                <artifact pattern="http://xuggle.googlecode.com/svn/trunk/repo/share/java/[organisation]/[artifact]/[revision]/[artifact](-[revision]).[ext]" />
                <artifact pattern="http://xuggle.googlecode.com/svn/trunk/repo/share/java/[organisation]/[artifact]/[artifact](-[revision]).[ext]" />
                <artifact pattern="http://xuggle.googlecode.com/svn/trunk/repo/share/java/[organisation]/[artifact](-[revision]).[ext]" />
                <artifact pattern="http://xuggle.googlecode.com/svn/trunk/repo/share/java/[artifact](-[revision]).[ext]" />
            </url>
            <url name="com.springsource.repository.bundles.release">
                <ivy pattern="http://repository.springsource.com/ivy/bundles/release/[organisation]/[module]/[revision]/[artifact]-[revision].[ext]" />
                <artifact pattern="http://repository.springsource.com/ivy/bundles/release/[organisation]/[module]/[revision]/[artifact]-[revision].[ext]" /> 
            </url>
            <url name="com.springsource.repository.bundles.external"> 
                <ivy pattern="http://repository.springsource.com/ivy/bundles/external/[organisation]/[module]/[revision]/[artifact]-[revision].[ext]" /> 
                <artifact pattern="http://repository.springsource.com/ivy/bundles/external/[organisation]/[module]/[revision]/[artifact]-[revision].[ext]" /> 
            </url>  
        </chain>
    </resolvers>
</ivysettings>