<?xml version="1.0" encoding="UTF-8"?>
<configuration>

	<contextName>@new.project.name@</contextName>
	
	<jmxConfigurator contextName="@new.project.name@" />

	<appender name="@new.project.name@" class="ch.qos.logback.core.FileAppender">
		<File>log/@new.project.name@.log</File>
		<Append>false</Append>
		<Encoding>UTF-8</Encoding>
		<BufferedIO>false</BufferedIO>
		<ImmediateFlush>true</ImmediateFlush>
		<layout class="ch.qos.logback.classic.PatternLayout">
			<Pattern>
				%date [%thread] %-5level %logger{35} - %msg%n
			</Pattern>
		</layout>
	</appender>
	
	<root>
		<appender-ref ref="@new.project.name@" />
	</root>	
	
</configuration>
