<?xml version="1.0" encoding="UTF-8" ?>
<beans xmlns="http://www.springframework.org/schema/beans"
    xmlns:xsi="http://www.w3.org/2001/XMLSchema-instance"
    xmlns:lang="http://www.springframework.org/schema/lang"
    xsi:schemaLocation="http://www.springframework.org/schema/beans http://www.springframework.org/schema/beans/spring-beans-3.0.xsd                            
    http://www.springframework.org/schema/lang http://www.springframework.org/schema/lang/spring-lang-3.0.xsd">

	<bean id="placeholderConfig" class="org.springframework.beans.factory.config.PropertyPlaceholderConfigurer">
	    <property name="location" value="/WEB-INF/red5-web.properties" />
	</bean>

	<bean id="web.context" class="org.red5.server.Context" autowire="byType" />

	<bean id="web.scope" class="org.red5.server.WebScope" init-method="register">
		<property name="server" ref="red5.server" />
		<property name="parent" ref="global.scope" />
		<property name="context" ref="web.context" />
		<property name="handler" ref="web.handler" />
		<property name="contextPath" value="${webapp.contextPath}" />
		<property name="virtualHosts" value="${webapp.virtualHosts}" />
	</bean>

	<bean id="web.handler" class="@new.package.name@.Application" />

</beans>
